product_id,product_name,category,warehouse,location,quantity,price,supplier,current_status,last_restocked
1000,"Gadget Y",Furniture,"Warehouse 1","Aisle 2",100,49.99,"Supplier C","Low Stock",2023-01-15
1001,"Gadget X",Toys,"Warehouse 3","Aisle 3",150,19.99,"Supplier C","Low Stock",2023-04-25
1001,"Gadget Y",Furniture,"Warehouse 1","Aisle 5",200,49.99,"Supplier C","In Stock",2022-12-20
1001,"Widget A",Furniture,"Warehouse 2","Aisle 5",300,19.99,"Supplier A","In Stock",NULL
1004,"Gadget Y",Clothing,"Warehouse 3","Aisle 3",300,29.99,"Supplier A","In Stock",2023-03-05
1004,"Gadget Z",Clothing,"Warehouse 1","Aisle 3",50,19.99,"Supplier B","Low Stock",NULL
1007,"Gadget Y",Furniture,"Warehouse 1","Aisle 4",150,9.99,"Supplier A","Low Stock",2023-04-25
1008,"Gadget Z",Electronics,"Warehouse 2","Aisle 1",100,49.99,"Supplier A","Low Stock",NULL
1008,"Widget A",Toys,"Warehouse 1","Aisle 5",NULL,29.99,"Supplier C","Out of Stock",2022-12-20
1011,"Widget A",Clothing,"Warehouse 3","Aisle 1",300,9.99,"Supplier D","In Stock",2023-03-05
1013,"Widget A",Toys,"Warehouse 2","Aisle 5",50,19.99,"Supplier C","Low Stock",2023-04-25
1014,"Gadget Y",Clothing,"Warehouse 2","Aisle 1",100,19.99,"Supplier D","Low Stock",2023-01-15
1015,"Widget C",Electronics,"Warehouse 2","Aisle 2",NULL,49.99,"Supplier B","Out of Stock",2022-12-20
1018,"Gadget X",Clothing,"Warehouse 2","Aisle 5",100,29.99,"Supplier A","Low Stock",2023-03-05
1019,"Gadget X",Electronics,"Warehouse 2","Aisle 2",200,9.99,"Supplier D","In Stock",NULL
1020,"Gadget Z",Toys,"Warehouse 3","Aisle 4",300,19.99,"Supplier D","In Stock",2022-12-20
1020,"Widget C",Clothing,"Warehouse 1","Aisle 5",200,9.99,"Supplier D","In Stock",2022-12-20
1021,"Widget B",Clothing,"Warehouse 1","Aisle 4",150,19.99,"Supplier B","Low Stock",2023-04-25
1022,"Gadget Y",Furniture,"Warehouse 3","Aisle 5",NULL,49.99,"Supplier D","Out of Stock",2023-01-15
1024,"Widget B",Electronics,"Warehouse 1","Aisle 2",50,19.99,"Supplier B","Low Stock",2023-01-15
1027,"Gadget Y",Furniture,"Warehouse 1","Aisle 4",NULL,9.99,"Supplier A","Out of Stock",2023-04-25
1027,"Widget A",Clothing,"Warehouse 1","Aisle 2",50,19.99,"Supplier C","Low Stock",2022-12-20
1028,"Gadget X",Clothing,"Warehouse 1","Aisle 1",NULL,9.99,"Supplier D","Out of Stock",2023-01-15
1032,"Gadget X",Clothing,"Warehouse 1","Aisle 3",NULL,29.99,"Supplier A","Out of Stock",2023-01-15
1032,"Widget A",Electronics,"Warehouse 1","Aisle 1",NULL,49.99,"Supplier D","Out of Stock",2023-04-25
1034,"Widget C",Electronics,"Warehouse 2","Aisle 5",NULL,9.99,"Supplier C","Out of Stock",2023-04-25
1035,"Gadget X",Electronics,"Warehouse 2","Aisle 1",100,49.99,"Supplier A","Low Stock",2022-12-20
1035,"Gadget Z",Clothing,"Warehouse 1","Aisle 5",100,49.99,"Supplier D","Low Stock",NULL
1036,"Gadget Z",Furniture,"Warehouse 3","Aisle 2",150,29.99,"Supplier A","Low Stock",2023-03-05
1036,"Widget B",Toys,"Warehouse 3","Aisle 4",50,29.99,"Supplier A","Low Stock",2023-03-05
1037,"Widget A",Toys,"Warehouse 2","Aisle 2",50,49.99,"Supplier B","Low Stock",NULL
1038,"Gadget Y",Toys,"Warehouse 3","Aisle 2",50,29.99,"Supplier D","Low Stock",2022-12-20
1040,"Widget B",Clothing,"Warehouse 2","Aisle 1",300,29.99,"Supplier C","In Stock",2022-12-20
1040,"Widget C",Furniture,"Warehouse 1","Aisle 3",50,29.99,"Supplier B","Low Stock",2023-01-15
1041,"Gadget Z",Furniture,"Warehouse 2","Aisle 5",150,49.99,"Supplier A","Low Stock",2023-03-05
1042,"Gadget Y",Electronics,"Warehouse 3","Aisle 5",100,9.99,"Supplier D","Low Stock",2023-01-15
1045,"Widget C",Electronics,"Warehouse 1","Aisle 1",300,29.99,"Supplier C","In Stock",2022-12-20
1046,"Gadget Y",Furniture,"Warehouse 1","Aisle 5",100,9.99,"Supplier D","Low Stock",2023-01-15
1046,"Widget B",Clothing,"Warehouse 2","Aisle 1",200,29.99,"Supplier A","In Stock",2023-01-15
1046,"Widget C",Furniture,"Warehouse 3","Aisle 1",NULL,9.99,"Supplier A","Out of Stock",NULL
1047,"Widget B",Furniture,"Warehouse 2","Aisle 5",50,49.99,"Supplier C","Low Stock",2023-04-25
1050,"Widget C",Furniture,"Warehouse 2","Aisle 1",50,19.99,"Supplier D","Low Stock",2023-01-15
1052,"Widget A",Furniture,"Warehouse 3","Aisle 5",50,29.99,"Supplier C","Low Stock",2023-03-05
1052,"Widget B",Clothing,"Warehouse 2","Aisle 5",100,29.99,"Supplier D","Low Stock",2022-12-20
1053,"Gadget X",Clothing,"Warehouse 3","Aisle 4",300,49.99,"Supplier A","In Stock",2023-03-05
1057,"Gadget X",Furniture,"Warehouse 3","Aisle 4",200,49.99,"Supplier B","In Stock",2023-03-05
1057,"Gadget Y",Toys,"Warehouse 1","Aisle 4",NULL,9.99,"Supplier B","Out of Stock",2022-12-20
1057,"Widget B",Toys,"Warehouse 1","Aisle 5",300,9.99,"Supplier A","In Stock",NULL
1061,"Widget C",Clothing,"Warehouse 2","Aisle 1",NULL,9.99,"Supplier C","Out of Stock",2023-01-15
1062,"Gadget Y",Clothing,"Warehouse 1","Aisle 5",150,9.99,"Supplier B","Low Stock",2023-01-15
1068,"Gadget X",Furniture,"Warehouse 3","Aisle 2",150,19.99,"Supplier D","Low Stock",2022-12-20
1068,"Gadget Z",Electronics,"Warehouse 1","Aisle 3",300,49.99,"Supplier C","In Stock",2023-03-05
1073,"Widget A",Toys,"Warehouse 2","Aisle 5",300,9.99,"Supplier D","In Stock",NULL
1074,"Widget B",Furniture,"Warehouse 1","Aisle 3",200,9.99,"Supplier D","In Stock",2023-01-15
1075,"Widget B",Electronics,"Warehouse 1","Aisle 5",200,19.99,"Supplier A","In Stock",2023-04-25
1079,"Gadget X",Clothing,"Warehouse 2","Aisle 3",NULL,49.99,"Supplier B","Out of Stock",2023-04-25
1080,"Widget B",Electronics,"Warehouse 1","Aisle 3",150,19.99,"Supplier C","Low Stock",2023-03-05
1089,"Gadget X",Furniture,"Warehouse 3","Aisle 3",150,19.99,"Supplier A","Low Stock",2023-01-15
1089,"Widget C",Furniture,"Warehouse 3","Aisle 1",150,9.99,"Supplier C","Low Stock",NULL
1090,"Gadget Z",Furniture,"Warehouse 2","Aisle 2",NULL,19.99,"Supplier A","Out of Stock",2022-12-20
1091,"Gadget Z",Electronics,"Warehouse 1","Aisle 5",300,49.99,"Supplier A","In Stock",2023-01-15
1093,"Widget B",Furniture,"Warehouse 3","Aisle 4",100,29.99,"Supplier A","Low Stock",NULL
1095,"Widget A",Electronics,"Warehouse 3","Aisle 4",100,19.99,"Supplier D","Low Stock",2022-12-20
1095,"Widget B",Furniture,"Warehouse 1","Aisle 2",200,29.99,"Supplier B","In Stock",2022-12-20
1098,"Gadget X",Clothing,"Warehouse 1","Aisle 3",50,19.99,"Supplier A","Low Stock",2023-03-05
1098,"Gadget Y",Furniture,"Warehouse 3","Aisle 1",200,29.99,"Supplier C","In Stock",NULL
1098,"Widget B",Electronics,"Warehouse 2","Aisle 4",300,49.99,"Supplier C","In Stock",2023-04-25
1098,"Widget C",Furniture,"Warehouse 3","Aisle 4",200,29.99,"Supplier C","In Stock",2022-12-20
1099,"Widget A",Electronics,"Warehouse 2","Aisle 5",300,49.99,"Supplier B","In Stock",2023-03-05
1099,"Widget B",Clothing,"Warehouse 1","Aisle 4",150,9.99,"Supplier C","Low Stock",2023-04-25
1102,"Gadget Y",Electronics,"Warehouse 2","Aisle 1",300,9.99,"Supplier C","In Stock",NULL
1102,"Widget C",Electronics,"Warehouse 3","Aisle 3",150,9.99,"Supplier A","Low Stock",NULL
1103,"Gadget X",Furniture,"Warehouse 2","Aisle 1",50,49.99,"Supplier A","Low Stock",NULL
1103,"Widget C",Toys,"Warehouse 1","Aisle 1",300,9.99,"Supplier D","In Stock",2023-01-15
1105,"Gadget X",Electronics,"Warehouse 1","Aisle 5",NULL,29.99,"Supplier A","Out of Stock",2023-01-15
1105,"Widget C",Furniture,"Warehouse 1","Aisle 2",NULL,49.99,"Supplier B","Out of Stock",2023-01-15
1106,"Widget A",Furniture,"Warehouse 3","Aisle 3",200,9.99,"Supplier D","In Stock",2023-04-25
1108,"Gadget X",Furniture,"Warehouse 1","Aisle 5",300,19.99,"Supplier B","In Stock",2023-04-25
1111,"Gadget X",Furniture,"Warehouse 3","Aisle 5",200,9.99,"Supplier C","In Stock",2023-01-15
1112,"Widget B",Clothing,"Warehouse 2","Aisle 4",NULL,9.99,"Supplier B","Out of Stock",NULL
1114,"Widget C",Furniture,"Warehouse 3","Aisle 1",150,9.99,"Supplier C","Low Stock",2023-03-05
1116,"Gadget X",Toys,"Warehouse 3","Aisle 5",100,29.99,"Supplier D","Low Stock",NULL
1116,"Widget A",Toys,"Warehouse 1","Aisle 1",300,29.99,"Supplier A","In Stock",NULL
1117,"Widget A",Toys,"Warehouse 3","Aisle 1",NULL,49.99,"Supplier B","Out of Stock",2022-12-20
1119,"Gadget Y",Toys,"Warehouse 3","Aisle 5",NULL,49.99,"Supplier D","Out of Stock",2023-03-05
1121,"Gadget Y",Clothing,"Warehouse 1","Aisle 1",150,19.99,"Supplier A","Low Stock",2023-03-05
1121,"Widget B",Toys,"Warehouse 1","Aisle 2",50,19.99,"Supplier C","Low Stock",2022-12-20
1122,"Widget A",Clothing,"Warehouse 1","Aisle 2",100,49.99,"Supplier C","Low Stock",2023-03-05
1123,"Gadget X",Clothing,"Warehouse 3","Aisle 4",200,29.99,"Supplier C","In Stock",2022-12-20
1124,"Widget C",Furniture,"Warehouse 1","Aisle 2",100,19.99,"Supplier A","Low Stock",2022-12-20
1126,"Gadget Z",Furniture,"Warehouse 3","Aisle 5",150,19.99,"Supplier C","Low Stock",2022-12-20
1128,"Gadget Y",Electronics,"Warehouse 3","Aisle 3",NULL,49.99,"Supplier A","Out of Stock",2023-01-15
1129,"Gadget Y",Furniture,"Warehouse 3","Aisle 4",200,49.99,"Supplier C","In Stock",2023-01-15
1130,"Gadget X",Electronics,"Warehouse 2","Aisle 4",NULL,29.99,"Supplier D","Out of Stock",2023-04-25
1130,"Widget C",Electronics,"Warehouse 3","Aisle 5",200,9.99,"Supplier C","In Stock",2023-03-05
1131,"Widget A",Electronics,"Warehouse 1","Aisle 5",200,49.99,"Supplier A","In Stock",2023-04-25
1133,"Widget A",Clothing,"Warehouse 2","Aisle 4",100,9.99,"Supplier D","Low Stock",2022-12-20
1134,"Widget A",Furniture,"Warehouse 1","Aisle 3",200,19.99,"Supplier D","In Stock",2023-03-05
1138,"Widget A",Toys,"Warehouse 2","Aisle 3",200,29.99,"Supplier B","In Stock",2022-12-20
1142,"Gadget X",Furniture,"Warehouse 2","Aisle 1",150,9.99,"Supplier C","Low Stock",2022-12-20
1143,"Widget C",Toys,"Warehouse 3","Aisle 2",100,9.99,"Supplier D","Low Stock",2023-03-05
1144,"Gadget Z",Toys,"Warehouse 1","Aisle 1",50,49.99,"Supplier B","Low Stock",2023-04-25
1146,"Gadget Z",Electronics,"Warehouse 2","Aisle 4",50,19.99,"Supplier A","Low Stock",2022-12-20
1147,"Widget B",Toys,"Warehouse 2","Aisle 2",100,19.99,"Supplier C","Low Stock",2023-04-25
1148,"Widget C",Electronics,"Warehouse 2","Aisle 3",100,29.99,"Supplier C","Low Stock",2023-01-15
1149,"Widget C",Clothing,"Warehouse 2","Aisle 1",50,19.99,"Supplier B","Low Stock",2023-03-05
1150,"Widget B",Clothing,"Warehouse 3","Aisle 5",200,29.99,"Supplier B","In Stock",2023-03-05
1151,"Widget B",Clothing,"Warehouse 2","Aisle 4",150,19.99,"Supplier A","Low Stock",NULL
1152,"Widget C",Furniture,"Warehouse 3","Aisle 2",50,49.99,"Supplier D","Low Stock",NULL
1153,"Gadget X",Toys,"Warehouse 1","Aisle 4",100,29.99,"Supplier D","Low Stock",2023-01-15
1156,"Widget C",Toys,"Warehouse 1","Aisle 2",300,9.99,"Supplier D","In Stock",NULL
1157,"Widget B",Electronics,"Warehouse 3","Aisle 4",50,29.99,"Supplier B","Low Stock",2022-12-20
1159,"Gadget Z",Toys,"Warehouse 1","Aisle 3",150,29.99,"Supplier C","Low Stock",2023-01-15
1159,"Widget A",Toys,"Warehouse 3","Aisle 1",50,49.99,"Supplier A","Low Stock",2022-12-20
1159,"Widget B",Electronics,"Warehouse 1","Aisle 3",100,49.99,"Supplier A","Low Stock",NULL
1160,"Gadget Y",Furniture,"Warehouse 1","Aisle 5",NULL,29.99,"Supplier B","Out of Stock",NULL
1160,"Gadget Z",Furniture,"Warehouse 1","Aisle 5",NULL,29.99,"Supplier B","Out of Stock",2023-04-25
1161,"Widget A",Clothing,"Warehouse 2","Aisle 3",NULL,19.99,"Supplier C","Out of Stock",NULL
1162,"Gadget Y",Furniture,"Warehouse 3","Aisle 4",300,9.99,"Supplier D","In Stock",2022-12-20
1166,"Gadget Y",Furniture,"Warehouse 2","Aisle 3",50,29.99,"Supplier C","Low Stock",NULL
1167,"Gadget Y",Clothing,"Warehouse 1","Aisle 1",NULL,29.99,"Supplier B","Out of Stock",NULL
1167,"Widget B",Furniture,"Warehouse 3","Aisle 5",50,9.99,"Supplier B","Low Stock",2023-04-25
1169,"Widget A",Furniture,"Warehouse 1","Aisle 4",300,9.99,"Supplier D","In Stock",2023-03-05
1170,"Gadget Y",Clothing,"Warehouse 2","Aisle 1",150,29.99,"Supplier A","Low Stock",NULL
1171,"Widget A",Electronics,"Warehouse 3","Aisle 4",100,49.99,"Supplier B","Low Stock",NULL
1172,"Widget C",Toys,"Warehouse 1","Aisle 2",150,9.99,"Supplier C","Low Stock",2023-04-25
1173,"Widget B",Furniture,"Warehouse 1","Aisle 4",50,49.99,"Supplier B","Low Stock",NULL
1175,"Gadget Y",Furniture,"Warehouse 1","Aisle 2",50,29.99,"Supplier A","Low Stock",NULL
1176,"Gadget X",Toys,"Warehouse 3","Aisle 4",300,29.99,"Supplier A","In Stock",2023-03-05
1177,"Widget C",Electronics,"Warehouse 3","Aisle 2",300,49.99,"Supplier B","In Stock",2023-01-15
1179,"Gadget Z",Toys,"Warehouse 2","Aisle 3",100,19.99,"Supplier B","Low Stock",2022-12-20
1181,"Widget C",Electronics,"Warehouse 2","Aisle 1",50,29.99,"Supplier A","Low Stock",2023-03-05
1185,"Widget A",Electronics,"Warehouse 1","Aisle 3",50,9.99,"Supplier C","Low Stock",NULL
1186,"Gadget Y",Clothing,"Warehouse 1","Aisle 1",NULL,19.99,"Supplier B","Out of Stock",2023-04-25
1188,"Widget B",Toys,"Warehouse 2","Aisle 3",NULL,29.99,"Supplier C","Out of Stock",2023-01-15
1189,"Gadget Y",Electronics,"Warehouse 2","Aisle 3",150,9.99,"Supplier A","Low Stock",2023-04-25
1189,"Widget A",Furniture,"Warehouse 2","Aisle 1",NULL,29.99,"Supplier A","Out of Stock",2023-04-25
1189,"Widget B",Furniture,"Warehouse 2","Aisle 5",300,49.99,"Supplier C","In Stock",NULL
1189,"Widget C",Furniture,"Warehouse 1","Aisle 4",300,29.99,"Supplier C","In Stock",2023-03-05
1190,"Gadget Z",Clothing,"Warehouse 1","Aisle 2",200,9.99,"Supplier B","In Stock",2023-03-05
1191,"Widget B",Clothing,"Warehouse 3","Aisle 1",100,19.99,"Supplier B","Low Stock",NULL
1191,"Widget C",Clothing,"Warehouse 2","Aisle 3",100,19.99,"Supplier A","Low Stock",2022-12-20
1193,"Widget A",Electronics,"Warehouse 2","Aisle 4",200,19.99,"Supplier A","In Stock",NULL
1194,"Widget A",Electronics,"Warehouse 3","Aisle 1",150,9.99,"Supplier A","Low Stock",2022-12-20
1195,"Gadget Y",Electronics,"Warehouse 3","Aisle 5",50,19.99,"Supplier B","Low Stock",NULL
1197,"Widget C",Toys,"Warehouse 2","Aisle 2",100,9.99,"Supplier A","Low Stock",2023-03-05
1200,"Gadget Z",Electronics,"Warehouse 2","Aisle 5",150,19.99,"Supplier C","Low Stock",2022-12-20
1201,"Gadget X",Electronics,"Warehouse 3","Aisle 4",100,9.99,"Supplier C","Low Stock",NULL
1202,"Widget C",Clothing,"Warehouse 2","Aisle 1",300,19.99,"Supplier A","In Stock",NULL
1203,"Widget A",Furniture,"Warehouse 3","Aisle 3",150,29.99,"Supplier B","Low Stock",NULL
1205,"Widget C",Electronics,"Warehouse 3","Aisle 3",50,19.99,"Supplier A","Low Stock",2023-03-05
1207,"Gadget Z",Toys,"Warehouse 3","Aisle 3",300,49.99,"Supplier D","In Stock",2023-04-25
1212,"Widget A",Clothing,"Warehouse 2","Aisle 1",150,29.99,"Supplier D","Low Stock",2023-03-05
1214,"Gadget Z",Furniture,"Warehouse 2","Aisle 1",50,9.99,"Supplier A","Low Stock",2023-01-15
1214,"Widget A",Toys,"Warehouse 3","Aisle 2",100,19.99,"Supplier D","Low Stock",2023-03-05
1216,"Gadget Y",Clothing,"Warehouse 3","Aisle 4",NULL,9.99,"Supplier D","Out of Stock",NULL
1217,"Widget C",Clothing,"Warehouse 3","Aisle 3",50,29.99,"Supplier D","Low Stock",NULL
1219,"Gadget Y",Clothing,"Warehouse 2","Aisle 5",NULL,49.99,"Supplier A","Out of Stock",2023-04-25
1219,"Gadget Z",Furniture,"Warehouse 2","Aisle 2",100,19.99,"Supplier A","Low Stock",2023-04-25
1219,"Widget B",Furniture,"Warehouse 2","Aisle 2",200,49.99,"Supplier D","In Stock",2023-03-05
1219,"Widget C",Toys,"Warehouse 2","Aisle 5",50,19.99,"Supplier B","Low Stock",2023-01-15
1222,"Gadget Y",Furniture,"Warehouse 2","Aisle 3",100,29.99,"Supplier C","Low Stock",2022-12-20
1222,"Widget C",Clothing,"Warehouse 2","Aisle 3",150,49.99,"Supplier D","Low Stock",2023-04-25
1224,"Gadget Z",Furniture,"Warehouse 3","Aisle 1",150,29.99,"Supplier C","Low Stock",2023-03-05
1225,"Widget A",Furniture,"Warehouse 1","Aisle 2",200,9.99,"Supplier C","In Stock",2023-04-25
1226,"Gadget Y",Furniture,"Warehouse 1","Aisle 5",300,9.99,"Supplier C","In Stock",2022-12-20
1226,"Widget B",Electronics,"Warehouse 1","Aisle 3",300,29.99,"Supplier D","In Stock",2023-01-15
1228,"Widget B",Clothing,"Warehouse 1","Aisle 3",100,49.99,"Supplier D","Low Stock",2023-04-25
1229,"Gadget Z",Furniture,"Warehouse 2","Aisle 4",300,9.99,"Supplier A","In Stock",2023-01-15
1229,"Widget B",Clothing,"Warehouse 1","Aisle 2",300,9.99,"Supplier D","In Stock",2023-03-05
1230,"Gadget Z",Clothing,"Warehouse 1","Aisle 1",100,49.99,"Supplier B","Low Stock",NULL
1230,"Widget B",Toys,"Warehouse 1","Aisle 1",50,49.99,"Supplier A","Low Stock",NULL
1232,"Gadget Y",Furniture,"Warehouse 1","Aisle 1",50,29.99,"Supplier A","Low Stock",2022-12-20
1233,"Widget C",Toys,"Warehouse 2","Aisle 5",NULL,49.99,"Supplier A","Out of Stock",2022-12-20
1234,"Gadget Z",Electronics,"Warehouse 2","Aisle 4",50,29.99,"Supplier A","Low Stock",2022-12-20
1236,"Widget C",Electronics,"Warehouse 2","Aisle 3",300,19.99,"Supplier A","In Stock",2022-12-20
1240,"Gadget X",Electronics,"Warehouse 3","Aisle 3",150,49.99,"Supplier A","Low Stock",2023-04-25
1241,"Gadget Y",Furniture,"Warehouse 1","Aisle 2",300,29.99,"Supplier D","In Stock",NULL
1241,"Widget C",Furniture,"Warehouse 2","Aisle 2",100,49.99,"Supplier C","Low Stock",2022-12-20
1242,"Widget C",Toys,"Warehouse 1","Aisle 5",50,29.99,"Supplier B","Low Stock",NULL
1243,"Gadget Z",Toys,"Warehouse 2","Aisle 1",200,9.99,"Supplier B","In Stock",2023-04-25
1245,"Widget A",Toys,"Warehouse 2","Aisle 1",100,9.99,"Supplier D","Low Stock",NULL
1246,"Widget A",Toys,"Warehouse 3","Aisle 5",150,19.99,"Supplier C","Low Stock",2023-04-25
1250,"Widget A",Clothing,"Warehouse 1","Aisle 3",100,49.99,"Supplier B","Low Stock",2022-12-20
1251,"Widget C",Electronics,"Warehouse 1","Aisle 5",100,29.99,"Supplier B","Low Stock",NULL
1252,"Gadget Z",Toys,"Warehouse 1","Aisle 3",200,49.99,"Supplier B","In Stock",2023-03-05
1252,"Widget A",Clothing,"Warehouse 2","Aisle 4",50,29.99,"Supplier A","Low Stock",2023-03-05
1252,"Widget B",Furniture,"Warehouse 3","Aisle 5",300,9.99,"Supplier B","In Stock",2023-01-15
1252,"Widget C",Electronics,"Warehouse 2","Aisle 2",100,29.99,"Supplier D","Low Stock",2023-01-15
1253,"Gadget Y",Furniture,"Warehouse 2","Aisle 5",NULL,29.99,"Supplier C","Out of Stock",2023-01-15
1253,"Widget C",Clothing,"Warehouse 1","Aisle 3",150,19.99,"Supplier A","Low Stock",2022-12-20
1255,"Widget B",Clothing,"Warehouse 2","Aisle 4",150,9.99,"Supplier B","Low Stock",2023-04-25
1257,"Widget C",Clothing,"Warehouse 3","Aisle 1",50,19.99,"Supplier A","Low Stock",NULL
1258,"Gadget X",Clothing,"Warehouse 1","Aisle 4",NULL,29.99,"Supplier A","Out of Stock",2023-04-25
1258,"Widget B",Toys,"Warehouse 1","Aisle 4",300,9.99,"Supplier D","In Stock",2023-03-05
1262,"Gadget Z",Electronics,"Warehouse 2","Aisle 1",100,49.99,"Supplier C","Low Stock",2023-01-15
1263,"Gadget Z",Toys,"Warehouse 3","Aisle 3",NULL,9.99,"Supplier B","Out of Stock",2022-12-20
1264,"Gadget X",Toys,"Warehouse 2","Aisle 5",NULL,49.99,"Supplier B","Out of Stock",2022-12-20
1267,"Gadget Y",Clothing,"Warehouse 3","Aisle 3",300,9.99,"Supplier A","In Stock",2023-03-05
1267,"Widget A",Clothing,"Warehouse 2","Aisle 5",50,19.99,"Supplier B","Low Stock",2023-04-25
1268,"Widget B",Electronics,"Warehouse 2","Aisle 5",200,9.99,"Supplier A","In Stock",2023-01-15
1269,"Widget B",Clothing,"Warehouse 2","Aisle 1",150,29.99,"Supplier D","Low Stock",NULL
1270,"Gadget Z",Toys,"Warehouse 2","Aisle 4",50,49.99,"Supplier B","Low Stock",2022-12-20
1270,"Widget B",Clothing,"Warehouse 3","Aisle 5",200,19.99,"Supplier B","In Stock",2023-04-25
1271,"Widget B",Toys,"Warehouse 2","Aisle 5",50,49.99,"Supplier A","Low Stock",2023-03-05
1272,"Gadget Z",Clothing,"Warehouse 1","Aisle 2",NULL,29.99,"Supplier C","Out of Stock",2022-12-20
1276,"Gadget Y",Clothing,"Warehouse 2","Aisle 1",NULL,19.99,"Supplier C","Out of Stock",2023-04-25
1276,"Widget C",Toys,"Warehouse 3","Aisle 5",150,49.99,"Supplier A","Low Stock",2022-12-20
1279,"Gadget X",Toys,"Warehouse 1","Aisle 4",NULL,19.99,"Supplier D","Out of Stock",2023-03-05
1279,"Widget B",Furniture,"Warehouse 1","Aisle 3",150,19.99,"Supplier A","Low Stock",NULL
1282,"Gadget Z",Furniture,"Warehouse 1","Aisle 1",NULL,49.99,"Supplier B","Out of Stock",2023-04-25
1282,"Widget A",Furniture,"Warehouse 2","Aisle 5",200,9.99,"Supplier A","In Stock",2023-01-15
1283,"Widget B",Clothing,"Warehouse 2","Aisle 2",150,49.99,"Supplier D","Low Stock",2023-03-05
1284,"Widget A",Clothing,"Warehouse 2","Aisle 2",NULL,19.99,"Supplier B","Out of Stock",2022-12-20
1287,"Gadget X",Electronics,"Warehouse 2","Aisle 3",50,49.99,"Supplier B","Low Stock",2023-01-15
1288,"Gadget Z",Toys,"Warehouse 1","Aisle 5",300,9.99,"Supplier B","In Stock",2023-01-15
1288,"Widget B",Furniture,"Warehouse 2","Aisle 5",NULL,29.99,"Supplier A","Out of Stock",2023-01-15
1295,"Widget C",Toys,"Warehouse 2","Aisle 5",150,9.99,"Supplier C","Low Stock",NULL
1297,"Widget C",Toys,"Warehouse 2","Aisle 5",300,9.99,"Supplier C","In Stock",2023-04-25
1300,"Widget B",Electronics,"Warehouse 2","Aisle 1",100,29.99,"Supplier D","Low Stock",2022-12-20
1301,"Widget C",Electronics,"Warehouse 2","Aisle 5",NULL,19.99,"Supplier C","Out of Stock",NULL
1303,"Gadget Z",Furniture,"Warehouse 2","Aisle 3",NULL,19.99,"Supplier D","Out of Stock",2023-04-25
1304,"Gadget X",Clothing,"Warehouse 3","Aisle 2",100,9.99,"Supplier B","Low Stock",2023-04-25
1313,"Widget A",Toys,"Warehouse 1","Aisle 4",50,9.99,"Supplier D","Low Stock",2023-03-05
1313,"Widget B",Toys,"Warehouse 3","Aisle 4",300,19.99,"Supplier A","In Stock",2023-01-15
1315,"Widget A",Toys,"Warehouse 3","Aisle 1",100,49.99,"Supplier B","Low Stock",2023-01-15
1315,"Widget C",Electronics,"Warehouse 3","Aisle 3",150,9.99,"Supplier A","Low Stock",NULL
1320,"Widget A",Electronics,"Warehouse 1","Aisle 2",NULL,29.99,"Supplier C","Out of Stock",2023-03-05
1322,"Gadget Y",Furniture,"Warehouse 1","Aisle 3",200,19.99,"Supplier C","In Stock",2023-03-05
1322,"Widget A",Toys,"Warehouse 1","Aisle 2",100,9.99,"Supplier A","Low Stock",2022-12-20
1325,"Widget C",Electronics,"Warehouse 2","Aisle 5",200,9.99,"Supplier C","In Stock",2023-03-05
1326,"Gadget Z",Toys,"Warehouse 1","Aisle 2",50,19.99,"Supplier D","Low Stock",NULL
1329,"Widget B",Clothing,"Warehouse 1","Aisle 1",50,9.99,"Supplier C","Low Stock",2023-01-15
1330,"Gadget Z",Electronics,"Warehouse 2","Aisle 3",100,49.99,"Supplier A","Low Stock",2023-01-15
1330,"Widget C",Toys,"Warehouse 3","Aisle 4",150,9.99,"Supplier B","Low Stock",2023-04-25
1337,"Widget B",Clothing,"Warehouse 3","Aisle 5",200,9.99,"Supplier D","In Stock",2023-04-25
1337,"Widget C",Clothing,"Warehouse 3","Aisle 2",50,9.99,"Supplier C","Low Stock",2023-01-15
1338,"Widget B",Electronics,"Warehouse 2","Aisle 4",100,49.99,"Supplier D","Low Stock",NULL
1339,"Widget A",Furniture,"Warehouse 2","Aisle 3",150,19.99,"Supplier A","Low Stock",2022-12-20
1339,"Widget C",Furniture,"Warehouse 3","Aisle 1",300,9.99,"Supplier B","In Stock",2023-03-05
1340,"Gadget Y",Clothing,"Warehouse 2","Aisle 1",NULL,19.99,"Supplier B","Out of Stock",2023-03-05
1341,"Gadget X",Electronics,"Warehouse 3","Aisle 1",200,49.99,"Supplier D","In Stock",2023-04-25
1341,"Widget A",Electronics,"Warehouse 2","Aisle 1",100,19.99,"Supplier B","Low Stock",2023-01-15
1341,"Widget B",Electronics,"Warehouse 2","Aisle 5",150,19.99,"Supplier D","Low Stock",2022-12-20
1343,"Gadget X",Furniture,"Warehouse 2","Aisle 4",100,49.99,"Supplier B","Low Stock",2023-04-25
1345,"Gadget X",Furniture,"Warehouse 2","Aisle 4",NULL,29.99,"Supplier D","Out of Stock",2023-01-15
1345,"Gadget Z",Furniture,"Warehouse 3","Aisle 4",200,19.99,"Supplier A","In Stock",2022-12-20
1345,"Widget C",Electronics,"Warehouse 1","Aisle 1",50,29.99,"Supplier D","Low Stock",2023-01-15
1347,"Gadget Z",Electronics,"Warehouse 2","Aisle 1",50,49.99,"Supplier D","Low Stock",NULL
1347,"Widget A",Electronics,"Warehouse 3","Aisle 5",200,29.99,"Supplier B","In Stock",2023-01-15
1348,"Gadget Y",Toys,"Warehouse 2","Aisle 3",150,9.99,"Supplier C","Low Stock",2022-12-20
1348,"Widget C",Clothing,"Warehouse 1","Aisle 5",NULL,19.99,"Supplier C","Out of Stock",2023-04-25
1353,"Gadget X",Furniture,"Warehouse 3","Aisle 3",300,19.99,"Supplier B","In Stock",2023-04-25
1356,"Widget B",Electronics,"Warehouse 3","Aisle 4",200,9.99,"Supplier B","In Stock",2023-04-25
1357,"Widget C",Clothing,"Warehouse 1","Aisle 1",200,49.99,"Supplier A","In Stock",2023-03-05
1358,"Gadget X",Furniture,"Warehouse 3","Aisle 3",300,29.99,"Supplier B","In Stock",2022-12-20
1360,"Widget B",Furniture,"Warehouse 1","Aisle 3",200,49.99,"Supplier D","In Stock",2023-03-05
1364,"Gadget Y",Electronics,"Warehouse 3","Aisle 1",300,19.99,"Supplier D","In Stock",2022-12-20
1364,"Widget C",Furniture,"Warehouse 1","Aisle 2",300,9.99,"Supplier C","In Stock",2023-03-05
1366,"Gadget X",Clothing,"Warehouse 3","Aisle 2",150,19.99,"Supplier A","Low Stock",2023-03-05
1366,"Gadget Y",Toys,"Warehouse 2","Aisle 3",100,29.99,"Supplier D","Low Stock",2022-12-20
1368,"Gadget Z",Electronics,"Warehouse 1","Aisle 1",50,19.99,"Supplier B","Low Stock",2023-03-05
1368,"Widget C",Electronics,"Warehouse 1","Aisle 3",200,19.99,"Supplier D","In Stock",NULL
1369,"Widget C",Clothing,"Warehouse 3","Aisle 4",NULL,19.99,"Supplier B","Out of Stock",2023-03-05
1372,"Gadget X",Clothing,"Warehouse 2","Aisle 3",200,29.99,"Supplier C","In Stock",NULL
1372,"Gadget Y",Furniture,"Warehouse 2","Aisle 1",200,49.99,"Supplier A","In Stock",2023-03-05
1372,"Widget B",Electronics,"Warehouse 2","Aisle 3",300,49.99,"Supplier C","In Stock",2022-12-20
1372,"Widget C",Electronics,"Warehouse 2","Aisle 2",50,49.99,"Supplier C","Low Stock",2023-04-25
1373,"Widget B",Toys,"Warehouse 2","Aisle 3",150,9.99,"Supplier A","Low Stock",2023-03-05
1374,"Widget B",Toys,"Warehouse 1","Aisle 5",50,29.99,"Supplier A","Low Stock",2023-04-25
1376,"Gadget Z",Furniture,"Warehouse 3","Aisle 1",50,29.99,"Supplier D","Low Stock",2023-04-25
1378,"Widget B",Electronics,"Warehouse 1","Aisle 1",300,19.99,"Supplier B","In Stock",2023-03-05
1379,"Gadget Y",Clothing,"Warehouse 2","Aisle 2",100,9.99,"Supplier A","Low Stock",2023-04-25
1379,"Widget C",Electronics,"Warehouse 2","Aisle 3",200,29.99,"Supplier B","In Stock",2022-12-20
1383,"Widget A",Furniture,"Warehouse 1","Aisle 4",100,19.99,"Supplier C","Low Stock",NULL
1384,"Gadget Z",Toys,"Warehouse 2","Aisle 5",50,29.99,"Supplier C","Low Stock",2023-03-05
1384,"Widget B",Furniture,"Warehouse 3","Aisle 2",100,29.99,"Supplier A","Low Stock",2023-04-25
1385,"Gadget X",Toys,"Warehouse 3","Aisle 3",300,19.99,"Supplier B","In Stock",2023-04-25
1385,"Gadget Z",Clothing,"Warehouse 1","Aisle 4",50,19.99,"Supplier B","Low Stock",NULL
1386,"Widget A",Toys,"Warehouse 3","Aisle 3",300,19.99,"Supplier B","In Stock",2023-04-25
1386,"Widget C",Clothing,"Warehouse 1","Aisle 2",50,19.99,"Supplier B","Low Stock",2023-04-25
1387,"Gadget Z",Toys,"Warehouse 2","Aisle 3",NULL,29.99,"Supplier C","Out of Stock",NULL
1387,"Widget A",Furniture,"Warehouse 2","Aisle 2",NULL,29.99,"Supplier D","Out of Stock",NULL
1389,"Gadget Z",Electronics,"Warehouse 1","Aisle 5",300,29.99,"Supplier D","In Stock",2023-01-15
1391,"Gadget Z",Furniture,"Warehouse 2","Aisle 3",NULL,9.99,"Supplier B","Out of Stock",2022-12-20
1391,"Widget B",Toys,"Warehouse 2","Aisle 5",50,29.99,"Supplier A","Low Stock",2023-03-05
1392,"Gadget Z",Clothing,"Warehouse 2","Aisle 4",NULL,9.99,"Supplier B","Out of Stock",2023-03-05
1392,"Widget A",Furniture,"Warehouse 1","Aisle 5",200,29.99,"Supplier A","In Stock",2022-12-20
1392,"Widget C",Electronics,"Warehouse 2","Aisle 3",NULL,19.99,"Supplier C","Out of Stock",NULL
1393,"Gadget Y",Toys,"Warehouse 3","Aisle 2",150,29.99,"Supplier B","Low Stock",NULL
1395,"Widget B",Clothing,"Warehouse 2","Aisle 5",NULL,9.99,"Supplier C","Out of Stock",2023-01-15
1395,"Widget C",Electronics,"Warehouse 1","Aisle 1",50,49.99,"Supplier C","Low Stock",2022-12-20
1396,"Gadget Z",Clothing,"Warehouse 1","Aisle 5",100,29.99,"Supplier A","Low Stock",2023-03-05
1396,"Widget A",Toys,"Warehouse 1","Aisle 1",150,29.99,"Supplier D","Low Stock",NULL
1397,"Gadget Z",Electronics,"Warehouse 2","Aisle 3",100,49.99,"Supplier C","Low Stock",2022-12-20
1397,"Widget B",Electronics,"Warehouse 1","Aisle 4",100,29.99,"Supplier A","Low Stock",2023-03-05
1399,"Widget B",Electronics,"Warehouse 3","Aisle 5",50,9.99,"Supplier C","Low Stock",2023-03-05
1400,"Gadget X",Toys,"Warehouse 1","Aisle 4",100,9.99,"Supplier B","Low Stock",2023-04-25
1401,"Widget B",Furniture,"Warehouse 3","Aisle 2",150,49.99,"Supplier D","Low Stock",NULL
1401,"Widget C",Clothing,"Warehouse 3","Aisle 4",300,49.99,"Supplier B","In Stock",2023-01-15
1402,"Gadget X",Toys,"Warehouse 3","Aisle 4",NULL,9.99,"Supplier D","Out of Stock",NULL
1402,"Gadget Y",Electronics,"Warehouse 1","Aisle 3",150,19.99,"Supplier B","Low Stock",2022-12-20
1403,"Gadget Z",Furniture,"Warehouse 2","Aisle 1",200,29.99,"Supplier C","In Stock",2023-01-15
1406,"Gadget X",Clothing,"Warehouse 2","Aisle 3",100,29.99,"Supplier A","Low Stock",2023-03-05
1406,"Widget A",Toys,"Warehouse 1","Aisle 3",200,19.99,"Supplier B","In Stock",2022-12-20
1407,"Widget B",Clothing,"Warehouse 1","Aisle 1",200,19.99,"Supplier B","In Stock",2023-01-15
1407,"Widget C",Clothing,"Warehouse 2","Aisle 3",NULL,19.99,"Supplier B","Out of Stock",2023-01-15
1408,"Widget C",Electronics,"Warehouse 1","Aisle 3",NULL,29.99,"Supplier C","Out of Stock",2023-04-25
1410,"Gadget X",Clothing,"Warehouse 1","Aisle 2",50,49.99,"Supplier B","Low Stock",2023-04-25
1412,"Widget A",Electronics,"Warehouse 3","Aisle 1",200,29.99,"Supplier B","In Stock",NULL
1413,"Gadget Y",Electronics,"Warehouse 3","Aisle 3",150,9.99,"Supplier C","Low Stock",2022-12-20
1414,"Gadget X",Electronics,"Warehouse 3","Aisle 4",200,29.99,"Supplier B","In Stock",2023-03-05
1416,"Widget A",Clothing,"Warehouse 2","Aisle 1",50,49.99,"Supplier D","Low Stock",2023-03-05
1418,"Widget A",Toys,"Warehouse 1","Aisle 3",300,19.99,"Supplier A","In Stock",NULL
1419,"Gadget X",Furniture,"Warehouse 2","Aisle 1",150,29.99,"Supplier D","Low Stock",2023-01-15
1421,"Gadget Y",Toys,"Warehouse 1","Aisle 3",150,9.99,"Supplier C","Low Stock",2023-01-15
1421,"Widget C",Electronics,"Warehouse 3","Aisle 1",100,9.99,"Supplier B","Low Stock",2022-12-20
1426,"Gadget Z",Furniture,"Warehouse 2","Aisle 2",100,49.99,"Supplier B","Low Stock",NULL
1427,"Widget B",Electronics,"Warehouse 2","Aisle 3",100,19.99,"Supplier D","Low Stock",2022-12-20
1431,"Gadget X",Furniture,"Warehouse 1","Aisle 2",NULL,9.99,"Supplier A","Out of Stock",NULL
1434,"Gadget Z",Furniture,"Warehouse 1","Aisle 3",150,29.99,"Supplier C","Low Stock",2022-12-20
1435,"Gadget Y",Electronics,"Warehouse 2","Aisle 4",200,19.99,"Supplier C","In Stock",NULL
1437,"Gadget Z",Furniture,"Warehouse 1","Aisle 4",200,49.99,"Supplier D","In Stock",2023-03-05
1438,"Gadget Z",Toys,"Warehouse 2","Aisle 2",300,19.99,"Supplier B","In Stock",NULL
1440,"Gadget Y",Toys,"Warehouse 1","Aisle 5",200,19.99,"Supplier B","In Stock",2022-12-20
1441,"Gadget X",Furniture,"Warehouse 3","Aisle 5",100,49.99,"Supplier A","Low Stock",2023-01-15
1443,"Gadget Y",Electronics,"Warehouse 1","Aisle 4",NULL,29.99,"Supplier A","Out of Stock",2023-04-25
1444,"Gadget Z",Toys,"Warehouse 1","Aisle 2",300,49.99,"Supplier B","In Stock",2023-01-15
1446,"Widget B",Clothing,"Warehouse 1","Aisle 3",100,49.99,"Supplier B","Low Stock",NULL
1449,"Gadget X",Furniture,"Warehouse 2","Aisle 3",NULL,29.99,"Supplier B","Out of Stock",NULL
1450,"Widget A",Electronics,"Warehouse 2","Aisle 5",200,9.99,"Supplier D","In Stock",2023-03-05
1452,"Gadget Y",Toys,"Warehouse 1","Aisle 5",300,29.99,"Supplier B","In Stock",2023-01-15
1452,"Widget A",Electronics,"Warehouse 1","Aisle 5",100,29.99,"Supplier A","Low Stock",2023-03-05
1454,"Widget A",Clothing,"Warehouse 3","Aisle 1",100,9.99,"Supplier A","Low Stock",2022-12-20
1455,"Widget A",Furniture,"Warehouse 3","Aisle 3",50,19.99,"Supplier A","Low Stock",2023-03-05
1455,"Widget C",Toys,"Warehouse 2","Aisle 1",200,19.99,"Supplier D","In Stock",2023-01-15
1456,"Gadget Z",Electronics,"Warehouse 3","Aisle 3",100,19.99,"Supplier D","Low Stock",2023-04-25
1458,"Widget C",Furniture,"Warehouse 2","Aisle 3",300,49.99,"Supplier A","In Stock",2023-03-05
1461,"Widget C",Electronics,"Warehouse 1","Aisle 2",100,9.99,"Supplier A","Low Stock",2022-12-20
1463,"Widget A",Toys,"Warehouse 1","Aisle 4",150,49.99,"Supplier A","Low Stock",NULL
1466,"Widget A",Clothing,"Warehouse 3","Aisle 1",NULL,49.99,"Supplier B","Out of Stock",2023-01-15
1468,"Widget C",Electronics,"Warehouse 3","Aisle 3",200,9.99,"Supplier B","In Stock",2023-03-05
1470,"Gadget X",Furniture,"Warehouse 2","Aisle 1",50,29.99,"Supplier D","Low Stock",2023-03-05
1470,"Widget B",Toys,"Warehouse 1","Aisle 4",NULL,49.99,"Supplier D","Out of Stock",2023-03-05
1471,"Widget A",Electronics,"Warehouse 3","Aisle 4",100,29.99,"Supplier A","Low Stock",2023-01-15
1472,"Gadget Y",Electronics,"Warehouse 1","Aisle 1",100,19.99,"Supplier A","Low Stock",2023-04-25
1473,"Gadget Z",Furniture,"Warehouse 2","Aisle 3",NULL,19.99,"Supplier C","Out of Stock",NULL
1473,"Widget B",Furniture,"Warehouse 1","Aisle 5",100,29.99,"Supplier D","Low Stock",2023-04-25
1474,"Gadget Z",Electronics,"Warehouse 2","Aisle 4",300,49.99,"Supplier D","In Stock",2023-01-15
1474,"Widget A",Furniture,"Warehouse 2","Aisle 4",200,29.99,"Supplier D","In Stock",2023-03-05
1475,"Widget A",Furniture,"Warehouse 2","Aisle 1",50,29.99,"Supplier B","Low Stock",2023-01-15
1476,"Gadget Y",Toys,"Warehouse 1","Aisle 5",200,29.99,"Supplier B","In Stock",2023-03-05
1476,"Widget A",Electronics,"Warehouse 1","Aisle 3",50,9.99,"Supplier C","Low Stock",2022-12-20
1480,"Gadget Z",Clothing,"Warehouse 1","Aisle 2",50,29.99,"Supplier A","Low Stock",2023-03-05
1483,"Gadget Y",Toys,"Warehouse 1","Aisle 5",150,9.99,"Supplier D","Low Stock",NULL
1484,"Widget A",Electronics,"Warehouse 3","Aisle 5",200,49.99,"Supplier C","In Stock",NULL
1487,"Gadget Z",Toys,"Warehouse 3","Aisle 1",150,9.99,"Supplier D","Low Stock",2022-12-20
1488,"Gadget Y",Electronics,"Warehouse 2","Aisle 1",300,9.99,"Supplier A","In Stock",2022-12-20
1489,"Widget C",Clothing,"Warehouse 2","Aisle 4",300,9.99,"Supplier C","In Stock",2023-01-15
1491,"Gadget Y",Electronics,"Warehouse 3","Aisle 2",300,19.99,"Supplier A","In Stock",2022-12-20
1491,"Widget A",Electronics,"Warehouse 1","Aisle 5",100,19.99,"Supplier D","Low Stock",2023-01-15
1492,"Widget A",Electronics,"Warehouse 3","Aisle 3",100,29.99,"Supplier D","Low Stock",2023-04-25
1492,"Widget B",Clothing,"Warehouse 1","Aisle 5",NULL,29.99,"Supplier A","Out of Stock",2023-03-05
1496,"Gadget X",Furniture,"Warehouse 1","Aisle 2",50,49.99,"Supplier C","Low Stock",2023-04-25
1496,"Widget C",Toys,"Warehouse 2","Aisle 3",300,29.99,"Supplier A","In Stock",NULL
1498,"Gadget X",Toys,"Warehouse 2","Aisle 5",150,19.99,"Supplier C","Low Stock",2023-01-15
1498,"Widget A",Furniture,"Warehouse 1","Aisle 1",150,19.99,"Supplier A","Low Stock",2023-01-15
1500,"Widget A",Toys,"Warehouse 2","Aisle 5",100,19.99,"Supplier D","Low Stock",2022-12-20
1502,"Gadget X",Furniture,"Warehouse 1","Aisle 4",NULL,9.99,"Supplier B","Out of Stock",2023-01-15
1503,"Gadget Y",Clothing,"Warehouse 2","Aisle 2",150,49.99,"Supplier B","Low Stock",2023-01-15
1504,"Widget B",Furniture,"Warehouse 3","Aisle 4",NULL,19.99,"Supplier C","Out of Stock",2023-01-15
1504,"Widget C",Clothing,"Warehouse 3","Aisle 3",50,19.99,"Supplier C","Low Stock",2022-12-20
1505,"Gadget Z",Furniture,"Warehouse 3","Aisle 2",NULL,19.99,"Supplier D","Out of Stock",2023-04-25
1505,"Widget A",Electronics,"Warehouse 2","Aisle 1",NULL,29.99,"Supplier B","Out of Stock",2023-04-25
1507,"Widget A",Electronics,"Warehouse 1","Aisle 2",200,29.99,"Supplier B","In Stock",2022-12-20
1508,"Widget B",Electronics,"Warehouse 2","Aisle 3",200,49.99,"Supplier A","In Stock",2022-12-20
1509,"Gadget X",Toys,"Warehouse 3","Aisle 2",300,29.99,"Supplier D","In Stock",2023-03-05
1510,"Gadget X",Furniture,"Warehouse 3","Aisle 2",150,29.99,"Supplier A","Low Stock",2022-12-20
1510,"Widget C",Toys,"Warehouse 2","Aisle 4",300,9.99,"Supplier B","In Stock",2023-03-05
1511,"Widget B",Electronics,"Warehouse 2","Aisle 3",150,49.99,"Supplier C","Low Stock",NULL
1511,"Widget C",Clothing,"Warehouse 2","Aisle 3",200,29.99,"Supplier A","In Stock",2022-12-20
1512,"Widget A",Toys,"Warehouse 3","Aisle 4",200,19.99,"Supplier C","In Stock",2023-03-05
1512,"Widget B",Electronics,"Warehouse 3","Aisle 3",150,49.99,"Supplier A","Low Stock",2023-03-05
1515,"Gadget Y",Clothing,"Warehouse 2","Aisle 2",50,29.99,"Supplier A","Low Stock",NULL
1516,"Widget A",Furniture,"Warehouse 1","Aisle 1",150,19.99,"Supplier C","Low Stock",NULL
1517,"Widget A",Clothing,"Warehouse 1","Aisle 1",NULL,49.99,"Supplier C","Out of Stock",2023-01-15
1518,"Gadget X",Clothing,"Warehouse 3","Aisle 4",150,29.99,"Supplier A","Low Stock",2023-01-15
1520,"Gadget Y",Furniture,"Warehouse 1","Aisle 3",150,19.99,"Supplier B","Low Stock",2022-12-20
1521,"Gadget Z",Electronics,"Warehouse 1","Aisle 3",100,29.99,"Supplier B","Low Stock",2023-03-05
1524,"Gadget Z",Clothing,"Warehouse 3","Aisle 1",300,49.99,"Supplier B","In Stock",2023-01-15
1525,"Gadget Z",Clothing,"Warehouse 1","Aisle 1",150,49.99,"Supplier D","Low Stock",NULL
1530,"Widget B",Toys,"Warehouse 1","Aisle 1",100,49.99,"Supplier B","Low Stock",2023-03-05
1531,"Widget A",Clothing,"Warehouse 1","Aisle 2",200,49.99,"Supplier C","In Stock",2023-04-25
1539,"Widget A",Furniture,"Warehouse 1","Aisle 3",150,19.99,"Supplier B","Low Stock",2023-04-25
1540,"Widget B",Electronics,"Warehouse 2","Aisle 1",100,29.99,"Supplier B","Low Stock",2023-03-05
1546,"Gadget Z",Electronics,"Warehouse 2","Aisle 4",300,19.99,"Supplier A","In Stock",NULL
1546,"Widget C",Furniture,"Warehouse 2","Aisle 2",NULL,9.99,"Supplier C","Out of Stock",2023-01-15
1547,"Widget B",Toys,"Warehouse 2","Aisle 1",200,9.99,"Supplier C","In Stock",NULL
1550,"Gadget Z",Clothing,"Warehouse 1","Aisle 1",NULL,19.99,"Supplier B","Out of Stock",2023-01-15
1550,"Widget A",Electronics,"Warehouse 1","Aisle 1",300,49.99,"Supplier B","In Stock",2022-12-20
1553,"Gadget X",Furniture,"Warehouse 1","Aisle 3",100,29.99,"Supplier C","Low Stock",2023-04-25
1555,"Gadget Y",Electronics,"Warehouse 3","Aisle 1",100,19.99,"Supplier C","Low Stock",2022-12-20
1555,"Gadget Z",Furniture,"Warehouse 1","Aisle 3",300,9.99,"Supplier A","In Stock",NULL
1555,"Widget A",Toys,"Warehouse 2","Aisle 5",50,9.99,"Supplier B","Low Stock",2022-12-20
1555,"Widget B",Clothing,"Warehouse 2","Aisle 5",200,19.99,"Supplier A","In Stock",NULL
1556,"Gadget X",Clothing,"Warehouse 1","Aisle 3",50,49.99,"Supplier C","Low Stock",2023-04-25
1559,"Widget A",Electronics,"Warehouse 1","Aisle 1",300,19.99,"Supplier B","In Stock",2023-04-25
1560,"Gadget Z",Electronics,"Warehouse 1","Aisle 4",150,49.99,"Supplier C","Low Stock",NULL
1561,"Widget A",Clothing,"Warehouse 3","Aisle 2",50,49.99,"Supplier A","Low Stock",NULL
1562,"Gadget Y",Clothing,"Warehouse 2","Aisle 1",300,19.99,"Supplier C","In Stock",NULL
1562,"Widget B",Electronics,"Warehouse 2","Aisle 4",150,29.99,"Supplier C","Low Stock",2022-12-20
1563,"Gadget X",Furniture,"Warehouse 1","Aisle 2",150,49.99,"Supplier C","Low Stock",2022-12-20
1563,"Widget A",Electronics,"Warehouse 3","Aisle 2",200,49.99,"Supplier A","In Stock",2023-01-15
1565,"Gadget Z",Furniture,"Warehouse 3","Aisle 5",100,19.99,"Supplier C","Low Stock",2023-01-15
1565,"Widget A",Toys,"Warehouse 1","Aisle 3",300,19.99,"Supplier B","In Stock",NULL
1565,"Widget B",Clothing,"Warehouse 3","Aisle 5",NULL,49.99,"Supplier C","Out of Stock",2022-12-20
1566,"Widget B",Clothing,"Warehouse 3","Aisle 1",200,49.99,"Supplier D","In Stock",2023-04-25
1568,"Widget C",Clothing,"Warehouse 2","Aisle 1",300,49.99,"Supplier A","In Stock",2022-12-20
1569,"Gadget X",Clothing,"Warehouse 1","Aisle 3",NULL,49.99,"Supplier A","Out of Stock",2023-04-25
1569,"Gadget Y",Electronics,"Warehouse 1","Aisle 4",50,29.99,"Supplier D","Low Stock",2023-04-25
1571,"Gadget X",Clothing,"Warehouse 3","Aisle 1",150,49.99,"Supplier C","Low Stock",2023-01-15
1573,"Widget A",Electronics,"Warehouse 2","Aisle 3",100,29.99,"Supplier A","Low Stock",2023-04-25
1574,"Gadget Z",Furniture,"Warehouse 3","Aisle 1",100,49.99,"Supplier A","Low Stock",2023-04-25
1574,"Widget A",Furniture,"Warehouse 2","Aisle 4",50,9.99,"Supplier D","Low Stock",2023-01-15
1576,"Widget B",Electronics,"Warehouse 2","Aisle 1",200,49.99,"Supplier B","In Stock",2023-03-05
1577,"Gadget Y",Furniture,"Warehouse 2","Aisle 2",150,19.99,"Supplier B","Low Stock",NULL
1580,"Gadget Y",Electronics,"Warehouse 3","Aisle 2",100,29.99,"Supplier C","Low Stock",NULL
1586,"Gadget Z",Clothing,"Warehouse 3","Aisle 4",150,29.99,"Supplier A","Low Stock",2022-12-20
1587,"Widget A",Furniture,"Warehouse 3","Aisle 3",50,49.99,"Supplier B","Low Stock",2023-04-25
1592,"Widget B",Furniture,"Warehouse 2","Aisle 2",300,49.99,"Supplier D","In Stock",2022-12-20
1600,"Gadget Z",Electronics,"Warehouse 3","Aisle 5",300,49.99,"Supplier B","In Stock",2023-01-15
1600,"Widget C",Clothing,"Warehouse 2","Aisle 1",NULL,29.99,"Supplier D","Out of Stock",2022-12-20
1601,"Widget B",Toys,"Warehouse 3","Aisle 3",NULL,49.99,"Supplier D","Out of Stock",2023-04-25
1603,"Gadget Y",Furniture,"Warehouse 2","Aisle 3",300,9.99,"Supplier C","In Stock",2023-03-05
1604,"Widget C",Furniture,"Warehouse 2","Aisle 4",200,29.99,"Supplier D","In Stock",2023-01-15
1606,"Widget A",Clothing,"Warehouse 2","Aisle 5",NULL,19.99,"Supplier D","Out of Stock",NULL
1606,"Widget C",Furniture,"Warehouse 2","Aisle 2",100,49.99,"Supplier D","Low Stock",2023-04-25
1607,"Gadget Y",Clothing,"Warehouse 3","Aisle 2",200,29.99,"Supplier A","In Stock",2023-01-15
1608,"Widget A",Furniture,"Warehouse 2","Aisle 1",50,49.99,"Supplier C","Low Stock",2023-01-15
1609,"Gadget Y",Clothing,"Warehouse 2","Aisle 1",NULL,19.99,"Supplier D","Out of Stock",2023-03-05
1610,"Widget C",Clothing,"Warehouse 3","Aisle 5",300,19.99,"Supplier D","In Stock",2022-12-20
1611,"Gadget Y",Electronics,"Warehouse 2","Aisle 2",50,19.99,"Supplier A","Low Stock",2023-03-05
1612,"Gadget Z",Electronics,"Warehouse 3","Aisle 3",NULL,19.99,"Supplier B","Out of Stock",NULL
1614,"Gadget Y",Electronics,"Warehouse 3","Aisle 3",300,9.99,"Supplier B","In Stock",2023-03-05
1616,"Gadget Y",Toys,"Warehouse 3","Aisle 5",100,19.99,"Supplier B","Low Stock",2023-03-05
1619,"Gadget Z",Clothing,"Warehouse 2","Aisle 2",100,29.99,"Supplier B","Low Stock",NULL
1619,"Widget A",Electronics,"Warehouse 2","Aisle 1",200,19.99,"Supplier C","In Stock",NULL
1623,"Widget B",Furniture,"Warehouse 2","Aisle 4",300,29.99,"Supplier B","In Stock",2023-04-25
1624,"Gadget Z",Clothing,"Warehouse 2","Aisle 2",300,49.99,"Supplier D","In Stock",NULL
1627,"Gadget Y",Furniture,"Warehouse 2","Aisle 4",50,29.99,"Supplier A","Low Stock",2023-03-05
1627,"Widget A",Furniture,"Warehouse 1","Aisle 5",100,49.99,"Supplier D","Low Stock",2023-04-25
1633,"Gadget X",Electronics,"Warehouse 1","Aisle 4",50,19.99,"Supplier A","Low Stock",NULL
1633,"Widget A",Toys,"Warehouse 1","Aisle 3",NULL,9.99,"Supplier C","Out of Stock",NULL
1633,"Widget C",Electronics,"Warehouse 3","Aisle 2",NULL,19.99,"Supplier C","Out of Stock",NULL
1635,"Gadget X",Electronics,"Warehouse 1","Aisle 1",150,29.99,"Supplier A","Low Stock",2023-03-05
1637,"Widget B",Furniture,"Warehouse 3","Aisle 4",NULL,29.99,"Supplier B","Out of Stock",2023-03-05
1638,"Widget A",Furniture,"Warehouse 3","Aisle 5",300,29.99,"Supplier C","In Stock",2023-03-05
1639,"Widget B",Electronics,"Warehouse 1","Aisle 5",200,9.99,"Supplier D","In Stock",2023-01-15
1639,"Widget C",Electronics,"Warehouse 2","Aisle 2",50,29.99,"Supplier C","Low Stock",2022-12-20
1640,"Gadget Z",Clothing,"Warehouse 3","Aisle 5",200,29.99,"Supplier A","In Stock",2023-01-15
1640,"Widget A",Toys,"Warehouse 3","Aisle 5",200,49.99,"Supplier D","In Stock",2023-03-05
1641,"Widget C",Furniture,"Warehouse 2","Aisle 3",50,29.99,"Supplier D","Low Stock",2023-01-15
1642,"Widget C",Electronics,"Warehouse 3","Aisle 4",300,29.99,"Supplier D","In Stock",NULL
1645,"Widget C",Clothing,"Warehouse 1","Aisle 2",100,49.99,"Supplier C","Low Stock",2023-01-15
1646,"Widget A",Electronics,"Warehouse 1","Aisle 2",NULL,49.99,"Supplier A","Out of Stock",2023-01-15
1647,"Gadget X",Electronics,"Warehouse 2","Aisle 2",150,49.99,"Supplier C","Low Stock",2022-12-20
1647,"Gadget Y",Clothing,"Warehouse 2","Aisle 5",NULL,49.99,"Supplier B","Out of Stock",NULL
1647,"Gadget Z",Electronics,"Warehouse 1","Aisle 1",150,49.99,"Supplier A","Low Stock",2022-12-20
1648,"Gadget Z",Electronics,"Warehouse 2","Aisle 4",200,29.99,"Supplier C","In Stock",NULL
1651,"Gadget X",Furniture,"Warehouse 1","Aisle 4",200,19.99,"Supplier A","In Stock",2023-03-05
1652,"Gadget Z",Toys,"Warehouse 1","Aisle 1",NULL,49.99,"Supplier B","Out of Stock",2022-12-20
1652,"Widget B",Toys,"Warehouse 2","Aisle 1",300,9.99,"Supplier C","In Stock",2022-12-20
1654,"Widget A",Toys,"Warehouse 2","Aisle 5",100,49.99,"Supplier A","Low Stock",2023-04-25
1655,"Gadget Y",Furniture,"Warehouse 3","Aisle 2",NULL,49.99,"Supplier D","Out of Stock",2023-04-25
1655,"Widget A",Clothing,"Warehouse 3","Aisle 5",300,49.99,"Supplier C","In Stock",2023-01-15
1656,"Gadget Z",Furniture,"Warehouse 1","Aisle 5",50,9.99,"Supplier A","Low Stock",2023-03-05
1658,"Gadget Y",Furniture,"Warehouse 1","Aisle 2",150,19.99,"Supplier C","Low Stock",NULL
1658,"Widget A",Toys,"Warehouse 1","Aisle 4",150,19.99,"Supplier B","Low Stock",NULL
1658,"Widget C",Furniture,"Warehouse 1","Aisle 1",150,9.99,"Supplier B","Low Stock",2022-12-20
1659,"Gadget X",Furniture,"Warehouse 3","Aisle 1",300,49.99,"Supplier C","In Stock",2023-01-15
1659,"Gadget Z",Clothing,"Warehouse 2","Aisle 1",200,19.99,"Supplier B","In Stock",NULL
1661,"Widget A",Clothing,"Warehouse 2","Aisle 1",50,49.99,"Supplier C","Low Stock",2023-03-05
1662,"Gadget X",Toys,"Warehouse 2","Aisle 3",100,29.99,"Supplier C","Low Stock",NULL
1662,"Widget A",Electronics,"Warehouse 3","Aisle 3",150,19.99,"Supplier D","Low Stock",2023-03-05
1663,"Widget A",Furniture,"Warehouse 2","Aisle 5",50,49.99,"Supplier C","Low Stock",2023-03-05
1663,"Widget B",Furniture,"Warehouse 3","Aisle 1",200,19.99,"Supplier C","In Stock",2023-01-15
1664,"Gadget Y",Furniture,"Warehouse 2","Aisle 4",150,9.99,"Supplier A","Low Stock",2022-12-20
1669,"Gadget Y",Electronics,"Warehouse 2","Aisle 2",50,49.99,"Supplier B","Low Stock",NULL
1669,"Widget B",Furniture,"Warehouse 2","Aisle 4",150,19.99,"Supplier C","Low Stock",NULL
1671,"Gadget Y",Electronics,"Warehouse 1","Aisle 4",100,29.99,"Supplier B","Low Stock",2023-03-05
1671,"Widget B",Electronics,"Warehouse 3","Aisle 3",200,29.99,"Supplier B","In Stock",2022-12-20
1671,"Widget C",Toys,"Warehouse 3","Aisle 3",200,19.99,"Supplier A","In Stock",NULL
1674,"Gadget X",Clothing,"Warehouse 1","Aisle 3",300,29.99,"Supplier B","In Stock",2023-04-25
1674,"Widget B",Clothing,"Warehouse 3","Aisle 4",200,19.99,"Supplier A","In Stock",2022-12-20
1675,"Gadget X",Furniture,"Warehouse 1","Aisle 4",NULL,49.99,"Supplier D","Out of Stock",2022-12-20
1675,"Gadget Z",Toys,"Warehouse 2","Aisle 2",150,29.99,"Supplier D","Low Stock",2023-03-05
1675,"Widget A",Furniture,"Warehouse 1","Aisle 3",50,9.99,"Supplier B","Low Stock",2022-12-20
1676,"Widget A",Toys,"Warehouse 2","Aisle 3",300,49.99,"Supplier B","In Stock",NULL
1680,"Gadget Z",Electronics,"Warehouse 1","Aisle 3",50,49.99,"Supplier C","Low Stock",2022-12-20
1681,"Gadget Z",Clothing,"Warehouse 3","Aisle 5",150,49.99,"Supplier B","Low Stock",2022-12-20
1681,"Widget C",Furniture,"Warehouse 2","Aisle 2",300,9.99,"Supplier C","In Stock",2022-12-20
1683,"Gadget X",Toys,"Warehouse 2","Aisle 2",100,19.99,"Supplier A","Low Stock",NULL
1683,"Gadget Z",Furniture,"Warehouse 1","Aisle 5",NULL,29.99,"Supplier A","Out of Stock",2023-01-15
1684,"Gadget Y",Furniture,"Warehouse 2","Aisle 4",50,19.99,"Supplier A","Low Stock",2023-04-25
1688,"Gadget X",Furniture,"Warehouse 3","Aisle 3",200,49.99,"Supplier D","In Stock",NULL
1689,"Gadget X",Toys,"Warehouse 2","Aisle 1",150,19.99,"Supplier C","Low Stock",2023-03-05
1690,"Widget A",Furniture,"Warehouse 3","Aisle 5",300,49.99,"Supplier D","In Stock",2023-03-05
1691,"Gadget Z",Toys,"Warehouse 1","Aisle 2",100,29.99,"Supplier D","Low Stock",2022-12-20
1692,"Gadget Y",Electronics,"Warehouse 3","Aisle 1",150,9.99,"Supplier A","Low Stock",NULL
1694,"Gadget Y",Toys,"Warehouse 2","Aisle 3",150,9.99,"Supplier D","Low Stock",NULL
1697,"Gadget Z",Furniture,"Warehouse 2","Aisle 3",50,19.99,"Supplier A","Low Stock",2022-12-20
1697,"Widget A",Furniture,"Warehouse 1","Aisle 2",50,19.99,"Supplier B","Low Stock",2023-01-15
1698,"Gadget X",Clothing,"Warehouse 1","Aisle 3",100,29.99,"Supplier D","Low Stock",2023-01-15
1698,"Widget C",Furniture,"Warehouse 2","Aisle 5",NULL,9.99,"Supplier B","Out of Stock",2022-12-20
1699,"Gadget X",Furniture,"Warehouse 3","Aisle 5",NULL,9.99,"Supplier B","Out of Stock",NULL
1699,"Gadget Y",Clothing,"Warehouse 1","Aisle 1",NULL,9.99,"Supplier B","Out of Stock",NULL
1700,"Widget A",Clothing,"Warehouse 2","Aisle 2",200,49.99,"Supplier B","In Stock",2022-12-20
1701,"Widget C",Toys,"Warehouse 2","Aisle 4",100,29.99,"Supplier C","Low Stock",2023-04-25
1702,"Gadget X",Electronics,"Warehouse 3","Aisle 5",100,29.99,"Supplier C","Low Stock",2023-01-15
1703,"Gadget Y",Toys,"Warehouse 3","Aisle 1",300,9.99,"Supplier A","In Stock",2023-04-25
1705,"Widget C",Electronics,"Warehouse 1","Aisle 4",50,49.99,"Supplier B","Low Stock",2022-12-20
1709,"Gadget X",Furniture,"Warehouse 2","Aisle 2",100,19.99,"Supplier B","Low Stock",2023-04-25
1709,"Widget A",Electronics,"Warehouse 1","Aisle 5",200,29.99,"Supplier A","In Stock",2023-04-25
1710,"Gadget X",Electronics,"Warehouse 1","Aisle 5",50,19.99,"Supplier B","Low Stock",NULL
1713,"Widget B",Clothing,"Warehouse 3","Aisle 5",300,9.99,"Supplier D","In Stock",2023-01-15
1717,"Gadget Y",Electronics,"Warehouse 3","Aisle 3",300,19.99,"Supplier A","In Stock",NULL
1719,"Gadget X",Clothing,"Warehouse 3","Aisle 5",150,29.99,"Supplier C","Low Stock",2023-01-15
1723,"Widget C",Furniture,"Warehouse 1","Aisle 3",NULL,29.99,"Supplier A","Out of Stock",2023-03-05
1724,"Widget A",Electronics,"Warehouse 3","Aisle 5",150,9.99,"Supplier B","Low Stock",2023-01-15
1725,"Widget B",Furniture,"Warehouse 2","Aisle 5",50,9.99,"Supplier A","Low Stock",2023-04-25
1726,"Widget A",Toys,"Warehouse 2","Aisle 3",NULL,29.99,"Supplier D","Out of Stock",2023-03-05
1726,"Widget B",Electronics,"Warehouse 2","Aisle 5",300,9.99,"Supplier A","In Stock",2023-04-25
1726,"Widget C",Electronics,"Warehouse 3","Aisle 1",200,9.99,"Supplier B","In Stock",2023-01-15
1727,"Widget C",Furniture,"Warehouse 2","Aisle 5",200,9.99,"Supplier A","In Stock",NULL
1728,"Gadget Z",Clothing,"Warehouse 1","Aisle 5",300,9.99,"Supplier B","In Stock",2023-04-25
1729,"Widget A",Clothing,"Warehouse 3","Aisle 4",150,19.99,"Supplier A","Low Stock",2023-04-25
1731,"Gadget Y",Toys,"Warehouse 3","Aisle 4",150,29.99,"Supplier B","Low Stock",2023-03-05
1731,"Widget B",Furniture,"Warehouse 2","Aisle 1",150,9.99,"Supplier B","Low Stock",2023-04-25
1732,"Widget B",Toys,"Warehouse 1","Aisle 1",150,19.99,"Supplier B","Low Stock",2022-12-20
1733,"Gadget X",Furniture,"Warehouse 3","Aisle 4",150,29.99,"Supplier D","Low Stock",2023-04-25
1733,"Widget A",Clothing,"Warehouse 3","Aisle 5",50,9.99,"Supplier B","Low Stock",2023-03-05
1734,"Gadget X",Electronics,"Warehouse 2","Aisle 3",150,9.99,"Supplier B","Low Stock",NULL
1735,"Gadget Y",Electronics,"Warehouse 1","Aisle 5",300,29.99,"Supplier D","In Stock",NULL
1735,"Widget B",Clothing,"Warehouse 3","Aisle 1",300,9.99,"Supplier D","In Stock",NULL
1738,"Gadget Y",Toys,"Warehouse 3","Aisle 1",50,49.99,"Supplier A","Low Stock",2022-12-20
1738,"Widget A",Electronics,"Warehouse 2","Aisle 1",150,49.99,"Supplier B","Low Stock",2023-01-15
1739,"Widget A",Electronics,"Warehouse 2","Aisle 1",200,19.99,"Supplier D","In Stock",2023-04-25
1742,"Gadget Z",Toys,"Warehouse 3","Aisle 5",150,29.99,"Supplier A","Low Stock",2023-03-05
1744,"Gadget Z",Furniture,"Warehouse 1","Aisle 1",150,29.99,"Supplier D","Low Stock",2023-03-05
1747,"Widget A",Clothing,"Warehouse 1","Aisle 3",200,9.99,"Supplier C","In Stock",2022-12-20
1748,"Gadget Z",Clothing,"Warehouse 2","Aisle 1",300,49.99,"Supplier C","In Stock",2023-03-05
1748,"Widget C",Furniture,"Warehouse 1","Aisle 4",200,19.99,"Supplier D","In Stock",2022-12-20
1749,"Gadget X",Toys,"Warehouse 1","Aisle 1",NULL,9.99,"Supplier C","Out of Stock",NULL
1750,"Gadget Y",Furniture,"Warehouse 3","Aisle 2",NULL,9.99,"Supplier A","Out of Stock",2023-01-15
1750,"Gadget Z",Electronics,"Warehouse 2","Aisle 1",300,19.99,"Supplier B","In Stock",2023-04-25
1751,"Widget A",Toys,"Warehouse 3","Aisle 3",50,29.99,"Supplier B","Low Stock",2023-04-25
1751,"Widget C",Furniture,"Warehouse 1","Aisle 1",200,29.99,"Supplier D","In Stock",2023-01-15
1753,"Widget C",Furniture,"Warehouse 1","Aisle 2",200,29.99,"Supplier C","In Stock",2022-12-20
1757,"Widget B",Toys,"Warehouse 1","Aisle 5",300,29.99,"Supplier D","In Stock",2023-01-15
1758,"Widget B",Clothing,"Warehouse 1","Aisle 5",NULL,19.99,"Supplier B","Out of Stock",NULL
1760,"Gadget Y",Clothing,"Warehouse 2","Aisle 1",200,29.99,"Supplier A","In Stock",2023-04-25
1761,"Widget C",Furniture,"Warehouse 2","Aisle 4",50,49.99,"Supplier D","Low Stock",2022-12-20
1763,"Gadget Y",Electronics,"Warehouse 1","Aisle 3",150,19.99,"Supplier B","Low Stock",2022-12-20
1763,"Gadget Z",Clothing,"Warehouse 1","Aisle 4",50,29.99,"Supplier C","Low Stock",2022-12-20
1763,"Widget A",Toys,"Warehouse 1","Aisle 1",150,19.99,"Supplier D","Low Stock",2023-04-25
1766,"Gadget Y",Clothing,"Warehouse 1","Aisle 4",200,49.99,"Supplier C","In Stock",2023-01-15
1766,"Gadget Z",Clothing,"Warehouse 3","Aisle 3",150,29.99,"Supplier D","Low Stock",2023-01-15
1768,"Widget B",Toys,"Warehouse 1","Aisle 4",200,19.99,"Supplier C","In Stock",2023-01-15
1769,"Gadget Z",Toys,"Warehouse 1","Aisle 1",200,29.99,"Supplier B","In Stock",2023-04-25
1770,"Gadget Z",Clothing,"Warehouse 3","Aisle 1",300,19.99,"Supplier D","In Stock",2023-03-05
1771,"Widget A",Toys,"Warehouse 3","Aisle 5",NULL,19.99,"Supplier C","Out of Stock",2023-01-15
1772,"Gadget Y",Clothing,"Warehouse 2","Aisle 3",100,9.99,"Supplier B","Low Stock",2022-12-20
1773,"Widget C",Furniture,"Warehouse 1","Aisle 2",300,9.99,"Supplier C","In Stock",2023-04-25
1775,"Gadget X",Electronics,"Warehouse 3","Aisle 3",150,9.99,"Supplier B","Low Stock",2023-03-05
1775,"Widget A",Electronics,"Warehouse 3","Aisle 4",100,29.99,"Supplier C","Low Stock",NULL
1775,"Widget B",Toys,"Warehouse 3","Aisle 5",NULL,9.99,"Supplier A","Out of Stock",2022-12-20
1776,"Gadget Y",Toys,"Warehouse 3","Aisle 4",300,49.99,"Supplier C","In Stock",2023-03-05
1778,"Widget A",Clothing,"Warehouse 3","Aisle 1",200,29.99,"Supplier B","In Stock",2023-01-15
1779,"Widget B",Furniture,"Warehouse 2","Aisle 1",150,49.99,"Supplier C","Low Stock",2022-12-20
1782,"Gadget X",Furniture,"Warehouse 2","Aisle 2",300,29.99,"Supplier A","In Stock",2023-01-15
1783,"Gadget Z",Electronics,"Warehouse 1","Aisle 4",50,19.99,"Supplier C","Low Stock",2022-12-20
1784,"Widget C",Electronics,"Warehouse 2","Aisle 1",300,49.99,"Supplier A","In Stock",2023-04-25
1786,"Gadget Y",Clothing,"Warehouse 2","Aisle 5",NULL,9.99,"Supplier D","Out of Stock",NULL
1786,"Widget B",Clothing,"Warehouse 1","Aisle 2",50,49.99,"Supplier B","Low Stock",NULL
1789,"Widget C",Electronics,"Warehouse 3","Aisle 1",200,49.99,"Supplier A","In Stock",2023-01-15
1790,"Widget B",Furniture,"Warehouse 1","Aisle 1",150,29.99,"Supplier A","Low Stock",2023-01-15
1791,"Widget A",Furniture,"Warehouse 3","Aisle 1",200,29.99,"Supplier A","In Stock",NULL
1792,"Widget B",Toys,"Warehouse 2","Aisle 1",NULL,29.99,"Supplier B","Out of Stock",NULL
1794,"Gadget Z",Clothing,"Warehouse 3","Aisle 5",50,19.99,"Supplier C","Low Stock",2023-03-05
1795,"Gadget X",Furniture,"Warehouse 1","Aisle 1",150,49.99,"Supplier D","Low Stock",2023-03-05
1795,"Widget A",Furniture,"Warehouse 3","Aisle 5",50,49.99,"Supplier B","Low Stock",2022-12-20
1795,"Widget C",Clothing,"Warehouse 1","Aisle 5",300,29.99,"Supplier B","In Stock",2023-01-15
1797,"Gadget Y",Electronics,"Warehouse 2","Aisle 3",50,29.99,"Supplier A","Low Stock",NULL
1797,"Gadget Z",Toys,"Warehouse 3","Aisle 5",150,9.99,"Supplier C","Low Stock",2023-03-05
1797,"Widget A",Electronics,"Warehouse 3","Aisle 1",100,49.99,"Supplier C","Low Stock",2023-01-15
1797,"Widget B",Furniture,"Warehouse 3","Aisle 1",100,49.99,"Supplier C","Low Stock",2023-04-25
1799,"Gadget Y",Toys,"Warehouse 3","Aisle 2",NULL,49.99,"Supplier A","Out of Stock",NULL
1800,"Widget B",Furniture,"Warehouse 1","Aisle 1",150,49.99,"Supplier A","Low Stock",2023-01-15
1801,"Gadget X",Toys,"Warehouse 1","Aisle 2",100,9.99,"Supplier D","Low Stock",2023-04-25
1801,"Widget A",Clothing,"Warehouse 1","Aisle 3",300,49.99,"Supplier D","In Stock",NULL
1803,"Gadget X",Clothing,"Warehouse 1","Aisle 4",200,49.99,"Supplier B","In Stock",NULL
1804,"Gadget Y",Clothing,"Warehouse 2","Aisle 2",NULL,19.99,"Supplier B","Out of Stock",2023-01-15
1805,"Gadget Y",Furniture,"Warehouse 2","Aisle 2",300,9.99,"Supplier C","In Stock",2023-01-15
1806,"Widget A",Toys,"Warehouse 2","Aisle 2",50,29.99,"Supplier B","Low Stock",2023-04-25
1810,"Gadget Y",Toys,"Warehouse 1","Aisle 1",200,49.99,"Supplier C","In Stock",2023-01-15
1812,"Gadget Y",Clothing,"Warehouse 1","Aisle 5",300,9.99,"Supplier D","In Stock",NULL
1814,"Gadget Y",Electronics,"Warehouse 3","Aisle 1",NULL,19.99,"Supplier B","Out of Stock",NULL
1814,"Widget C",Clothing,"Warehouse 1","Aisle 2",NULL,9.99,"Supplier A","Out of Stock",2023-04-25
1815,"Gadget X",Electronics,"Warehouse 3","Aisle 4",200,9.99,"Supplier D","In Stock",2023-04-25
1815,"Gadget Z",Clothing,"Warehouse 1","Aisle 1",150,29.99,"Supplier C","Low Stock",NULL
1815,"Widget A",Clothing,"Warehouse 2","Aisle 2",NULL,9.99,"Supplier A","Out of Stock",2022-12-20
1817,"Widget C",Furniture,"Warehouse 3","Aisle 1",50,9.99,"Supplier C","Low Stock",2023-03-05
1818,"Gadget X",Toys,"Warehouse 3","Aisle 4",150,29.99,"Supplier B","Low Stock",NULL
1818,"Gadget Z",Toys,"Warehouse 3","Aisle 4",100,29.99,"Supplier D","Low Stock",2023-01-15
1819,"Widget A",Furniture,"Warehouse 2","Aisle 3",200,29.99,"Supplier B","In Stock",2022-12-20
1821,"Gadget Y",Toys,"Warehouse 2","Aisle 2",50,49.99,"Supplier D","Low Stock",NULL
1822,"Gadget Y",Toys,"Warehouse 3","Aisle 1",50,29.99,"Supplier B","Low Stock",2022-12-20
1823,"Gadget Y",Electronics,"Warehouse 2","Aisle 3",300,19.99,"Supplier B","In Stock",2022-12-20
1823,"Gadget Z",Toys,"Warehouse 2","Aisle 5",NULL,29.99,"Supplier B","Out of Stock",2023-04-25
1824,"Gadget Z",Toys,"Warehouse 2","Aisle 2",150,9.99,"Supplier C","Low Stock",2022-12-20
1825,"Widget C",Toys,"Warehouse 3","Aisle 2",100,29.99,"Supplier D","Low Stock",2023-03-05
1826,"Widget C",Electronics,"Warehouse 2","Aisle 5",100,19.99,"Supplier B","Low Stock",2023-03-05
1828,"Widget A",Electronics,"Warehouse 1","Aisle 5",NULL,49.99,"Supplier B","Out of Stock",2022-12-20
1828,"Widget C",Electronics,"Warehouse 3","Aisle 1",150,19.99,"Supplier D","Low Stock",NULL
1829,"Gadget Z",Clothing,"Warehouse 1","Aisle 4",150,49.99,"Supplier A","Low Stock",2022-12-20
1829,"Widget A",Furniture,"Warehouse 3","Aisle 3",NULL,29.99,"Supplier A","Out of Stock",2023-04-25
1830,"Widget A",Toys,"Warehouse 2","Aisle 4",NULL,29.99,"Supplier D","Out of Stock",NULL
1834,"Widget C",Clothing,"Warehouse 3","Aisle 2",50,29.99,"Supplier A","Low Stock",NULL
1837,"Widget C",Electronics,"Warehouse 2","Aisle 2",150,9.99,"Supplier D","Low Stock",2023-03-05
1838,"Widget B",Clothing,"Warehouse 3","Aisle 4",150,9.99,"Supplier D","Low Stock",2023-04-25
1840,"Gadget X",Electronics,"Warehouse 2","Aisle 3",150,49.99,"Supplier C","Low Stock",2023-04-25
1841,"Widget B",Toys,"Warehouse 1","Aisle 4",NULL,19.99,"Supplier B","Out of Stock",NULL
1848,"Gadget Y",Clothing,"Warehouse 3","Aisle 4",NULL,29.99,"Supplier C","Out of Stock",2023-03-05
1850,"Widget B",Toys,"Warehouse 3","Aisle 2",300,49.99,"Supplier D","In Stock",2023-01-15
1851,"Gadget Y",Clothing,"Warehouse 2","Aisle 2",50,49.99,"Supplier D","Low Stock",2023-01-15
1853,"Gadget Z",Clothing,"Warehouse 3","Aisle 3",NULL,9.99,"Supplier C","Out of Stock",2022-12-20
1853,"Widget C",Toys,"Warehouse 1","Aisle 4",300,9.99,"Supplier B","In Stock",2023-01-15
1854,"Gadget Z",Toys,"Warehouse 1","Aisle 1",50,29.99,"Supplier B","Low Stock",2023-01-15
1856,"Gadget X",Clothing,"Warehouse 1","Aisle 5",150,9.99,"Supplier D","Low Stock",2022-12-20
1856,"Gadget Y",Furniture,"Warehouse 1","Aisle 3",50,9.99,"Supplier B","Low Stock",2022-12-20
1857,"Gadget Y",Clothing,"Warehouse 3","Aisle 3",300,29.99,"Supplier A","In Stock",2023-03-05
1857,"Widget C",Furniture,"Warehouse 3","Aisle 2",150,19.99,"Supplier B","Low Stock",2023-01-15
1860,"Gadget Z",Electronics,"Warehouse 2","Aisle 2",100,9.99,"Supplier D","Low Stock",NULL
1860,"Widget A",Clothing,"Warehouse 2","Aisle 3",100,19.99,"Supplier B","Low Stock",2022-12-20
1863,"Gadget Z",Clothing,"Warehouse 2","Aisle 3",150,9.99,"Supplier A","Low Stock",2023-03-05
1863,"Widget B",Clothing,"Warehouse 2","Aisle 3",150,9.99,"Supplier C","Low Stock",2022-12-20
1866,"Gadget Z",Clothing,"Warehouse 3","Aisle 4",300,29.99,"Supplier B","In Stock",2022-12-20
1866,"Widget A",Furniture,"Warehouse 2","Aisle 3",200,19.99,"Supplier B","In Stock",NULL
1866,"Widget C",Electronics,"Warehouse 3","Aisle 2",50,49.99,"Supplier A","Low Stock",2023-01-15
1868,"Gadget Z",Furniture,"Warehouse 1","Aisle 2",150,9.99,"Supplier A","Low Stock",2023-04-25
1868,"Widget C",Electronics,"Warehouse 2","Aisle 3",100,19.99,"Supplier B","Low Stock",2023-04-25
1870,"Widget B",Electronics,"Warehouse 3","Aisle 4",150,19.99,"Supplier D","Low Stock",2023-03-05
1871,"Gadget Y",Electronics,"Warehouse 3","Aisle 2",100,19.99,"Supplier B","Low Stock",2023-04-25
1871,"Gadget Z",Clothing,"Warehouse 1","Aisle 3",50,49.99,"Supplier D","Low Stock",2022-12-20
1872,"Gadget Y",Electronics,"Warehouse 2","Aisle 3",NULL,19.99,"Supplier D","Out of Stock",NULL
1875,"Gadget Y",Clothing,"Warehouse 3","Aisle 2",NULL,9.99,"Supplier B","Out of Stock",2023-01-15
1875,"Widget B",Clothing,"Warehouse 1","Aisle 5",NULL,49.99,"Supplier D","Out of Stock",2022-12-20
1876,"Gadget X",Furniture,"Warehouse 3","Aisle 2",50,49.99,"Supplier A","Low Stock",2022-12-20
1878,"Gadget X",Toys,"Warehouse 2","Aisle 2",150,9.99,"Supplier D","Low Stock",2022-12-20
1880,"Gadget X",Clothing,"Warehouse 1","Aisle 5",200,9.99,"Supplier A","In Stock",2023-03-05
1880,"Gadget Y",Clothing,"Warehouse 1","Aisle 1",100,49.99,"Supplier B","Low Stock",NULL
1882,"Gadget X",Furniture,"Warehouse 2","Aisle 5",200,9.99,"Supplier D","In Stock",2023-03-05
1882,"Gadget Y",Electronics,"Warehouse 2","Aisle 4",50,19.99,"Supplier B","Low Stock",2022-12-20
1882,"Gadget Z",Electronics,"Warehouse 1","Aisle 3",300,49.99,"Supplier A","In Stock",2022-12-20
1883,"Gadget X",Furniture,"Warehouse 2","Aisle 2",200,49.99,"Supplier B","In Stock",NULL
1883,"Gadget Z",Toys,"Warehouse 3","Aisle 1",50,9.99,"Supplier B","Low Stock",2022-12-20
1884,"Gadget X",Furniture,"Warehouse 1","Aisle 4",200,29.99,"Supplier C","In Stock",2022-12-20
1884,"Gadget Z",Clothing,"Warehouse 2","Aisle 4",200,9.99,"Supplier B","In Stock",2023-03-05
1885,"Gadget Y",Electronics,"Warehouse 3","Aisle 3",50,49.99,"Supplier B","Low Stock",2023-01-15
1890,"Gadget Z",Clothing,"Warehouse 2","Aisle 4",100,9.99,"Supplier D","Low Stock",2023-04-25
1891,"Widget B",Furniture,"Warehouse 1","Aisle 1",200,49.99,"Supplier B","In Stock",2023-01-15
1894,"Gadget X",Toys,"Warehouse 2","Aisle 4",50,9.99,"Supplier B","Low Stock",2023-03-05
1895,"Gadget Z",Furniture,"Warehouse 3","Aisle 5",50,49.99,"Supplier D","Low Stock",NULL
1896,"Gadget X",Toys,"Warehouse 2","Aisle 4",150,49.99,"Supplier A","Low Stock",NULL
1897,"Widget C",Clothing,"Warehouse 3","Aisle 4",100,9.99,"Supplier B","Low Stock",2022-12-20
1899,"Gadget Y",Clothing,"Warehouse 3","Aisle 3",150,29.99,"Supplier D","Low Stock",2023-04-25
1902,"Gadget X",Electronics,"Warehouse 2","Aisle 5",300,49.99,"Supplier C","In Stock",NULL
1902,"Widget B",Clothing,"Warehouse 1","Aisle 5",200,19.99,"Supplier A","In Stock",2023-04-25
1905,"Widget A",Toys,"Warehouse 2","Aisle 5",300,49.99,"Supplier D","In Stock",2023-04-25
1906,"Widget B",Furniture,"Warehouse 1","Aisle 2",300,29.99,"Supplier A","In Stock",2023-04-25
1907,"Gadget Z",Electronics,"Warehouse 3","Aisle 4",150,49.99,"Supplier C","Low Stock",2022-12-20
1908,"Widget B",Toys,"Warehouse 1","Aisle 1",150,29.99,"Supplier D","Low Stock",2022-12-20
1912,"Gadget Z",Toys,"Warehouse 1","Aisle 3",NULL,49.99,"Supplier C","Out of Stock",2023-01-15
1913,"Widget C",Electronics,"Warehouse 3","Aisle 4",150,29.99,"Supplier B","Low Stock",2023-01-15
1915,"Widget B",Electronics,"Warehouse 3","Aisle 5",50,19.99,"Supplier B","Low Stock",NULL
1920,"Gadget Y",Furniture,"Warehouse 1","Aisle 5",100,29.99,"Supplier A","Low Stock",2023-01-15
1920,"Widget B",Electronics,"Warehouse 1","Aisle 3",NULL,49.99,"Supplier D","Out of Stock",2023-03-05
1921,"Gadget Z",Toys,"Warehouse 1","Aisle 4",200,9.99,"Supplier D","In Stock",2022-12-20
1921,"Widget C",Toys,"Warehouse 1","Aisle 3",100,49.99,"Supplier C","Low Stock",2023-04-25
1922,"Widget B",Toys,"Warehouse 1","Aisle 4",NULL,19.99,"Supplier B","Out of Stock",2023-04-25
1924,"Widget C",Furniture,"Warehouse 3","Aisle 1",150,9.99,"Supplier B","Low Stock",2023-01-15
1927,"Gadget Z",Electronics,"Warehouse 2","Aisle 1",150,19.99,"Supplier B","Low Stock",2022-12-20
1928,"Gadget X",Furniture,"Warehouse 1","Aisle 4",150,49.99,"Supplier B","Low Stock",2023-03-05
1928,"Gadget Y",Toys,"Warehouse 1","Aisle 4",NULL,49.99,"Supplier D","Out of Stock",2022-12-20
1928,"Gadget Z",Toys,"Warehouse 1","Aisle 4",200,49.99,"Supplier C","In Stock",2023-03-05
1928,"Widget B",Toys,"Warehouse 1","Aisle 4",300,29.99,"Supplier C","In Stock",2023-04-25
1929,"Gadget Y",Toys,"Warehouse 1","Aisle 5",200,49.99,"Supplier B","In Stock",2023-01-15
1931,"Gadget X",Toys,"Warehouse 1","Aisle 3",NULL,49.99,"Supplier D","Out of Stock",2023-04-25
1931,"Gadget Y",Electronics,"Warehouse 1","Aisle 1",200,29.99,"Supplier A","In Stock",2022-12-20
1933,"Gadget Y",Electronics,"Warehouse 2","Aisle 3",100,9.99,"Supplier D","Low Stock",2023-01-15
1934,"Widget A",Toys,"Warehouse 1","Aisle 3",50,49.99,"Supplier B","Low Stock",2023-03-05
1935,"Widget A",Furniture,"Warehouse 2","Aisle 3",NULL,19.99,"Supplier B","Out of Stock",2023-04-25
1942,"Gadget Z",Furniture,"Warehouse 3","Aisle 1",100,19.99,"Supplier C","Low Stock",NULL
1945,"Gadget Y",Furniture,"Warehouse 1","Aisle 3",100,9.99,"Supplier C","Low Stock",2023-04-25
1945,"Widget A",Clothing,"Warehouse 2","Aisle 2",200,29.99,"Supplier C","In Stock",2023-04-25
1947,"Widget B",Furniture,"Warehouse 1","Aisle 5",100,49.99,"Supplier B","Low Stock",2023-03-05
1950,"Widget C",Furniture,"Warehouse 1","Aisle 2",300,9.99,"Supplier D","In Stock",NULL
1951,"Gadget Y",Clothing,"Warehouse 3","Aisle 1",50,49.99,"Supplier C","Low Stock",2022-12-20
1952,"Gadget Y",Furniture,"Warehouse 1","Aisle 5",200,49.99,"Supplier B","In Stock",2023-01-15
1952,"Widget A",Furniture,"Warehouse 3","Aisle 3",NULL,9.99,"Supplier C","Out of Stock",2023-01-15
1952,"Widget B",Furniture,"Warehouse 2","Aisle 2",NULL,29.99,"Supplier B","Out of Stock",2022-12-20
1953,"Widget C",Electronics,"Warehouse 1","Aisle 3",50,49.99,"Supplier B","Low Stock",2023-03-05
1954,"Gadget X",Clothing,"Warehouse 2","Aisle 1",150,49.99,"Supplier C","Low Stock",2023-03-05
1954,"Widget C",Toys,"Warehouse 2","Aisle 3",NULL,9.99,"Supplier B","Out of Stock",2023-01-15
1955,"Gadget Y",Clothing,"Warehouse 2","Aisle 5",100,49.99,"Supplier B","Low Stock",2023-03-05
1955,"Widget B",Electronics,"Warehouse 1","Aisle 5",150,29.99,"Supplier B","Low Stock",2022-12-20
1957,"Gadget X",Toys,"Warehouse 3","Aisle 5",50,19.99,"Supplier A","Low Stock",2023-03-05
1957,"Gadget Y",Electronics,"Warehouse 2","Aisle 3",300,29.99,"Supplier A","In Stock",2023-04-25
1957,"Widget A",Furniture,"Warehouse 2","Aisle 2",200,29.99,"Supplier A","In Stock",2023-01-15
1958,"Widget A",Furniture,"Warehouse 1","Aisle 4",300,19.99,"Supplier D","In Stock",2023-04-25
1958,"Widget C",Furniture,"Warehouse 2","Aisle 3",300,29.99,"Supplier A","In Stock",2022-12-20
1959,"Gadget X",Toys,"Warehouse 3","Aisle 1",200,29.99,"Supplier A","In Stock",2023-03-05
1961,"Gadget Y",Toys,"Warehouse 3","Aisle 5",NULL,19.99,"Supplier B","Out of Stock",2023-03-05
1962,"Gadget Y",Clothing,"Warehouse 2","Aisle 4",150,49.99,"Supplier D","Low Stock",2023-01-15
1967,"Gadget Y",Clothing,"Warehouse 1","Aisle 1",200,29.99,"Supplier D","In Stock",2022-12-20
1970,"Gadget Y",Clothing,"Warehouse 1","Aisle 4",150,19.99,"Supplier C","Low Stock",2023-01-15
1971,"Widget B",Furniture,"Warehouse 1","Aisle 4",100,49.99,"Supplier A","Low Stock",NULL
1971,"Widget C",Furniture,"Warehouse 1","Aisle 5",50,29.99,"Supplier A","Low Stock",2022-12-20
1972,"Gadget X",Furniture,"Warehouse 3","Aisle 1",50,9.99,"Supplier C","Low Stock",NULL
1972,"Widget B",Clothing,"Warehouse 1","Aisle 1",NULL,9.99,"Supplier B","Out of Stock",NULL
1973,"Gadget Z",Furniture,"Warehouse 2","Aisle 1",100,29.99,"Supplier C","Low Stock",2023-04-25
1974,"Widget B",Furniture,"Warehouse 3","Aisle 5",100,49.99,"Supplier B","Low Stock",NULL
1977,"Widget A",Electronics,"Warehouse 3","Aisle 1",100,29.99,"Supplier B","Low Stock",2023-04-25
1981,"Widget A",Clothing,"Warehouse 1","Aisle 5",NULL,19.99,"Supplier B","Out of Stock",2023-04-25
1982,"Gadget Y",Electronics,"Warehouse 1","Aisle 5",200,19.99,"Supplier D","In Stock",2023-04-25
1985,"Widget C",Electronics,"Warehouse 2","Aisle 3",150,49.99,"Supplier D","Low Stock",2022-12-20
1987,"Gadget Z",Electronics,"Warehouse 3","Aisle 4",300,49.99,"Supplier D","In Stock",2023-03-05
1987,"Widget A",Clothing,"Warehouse 2","Aisle 4",200,19.99,"Supplier B","In Stock",NULL
1989,"Gadget Y",Electronics,"Warehouse 2","Aisle 3",100,19.99,"Supplier B","Low Stock",2023-04-25
1992,"Gadget Y",Toys,"Warehouse 2","Aisle 5",150,29.99,"Supplier D","Low Stock",2023-03-05
1992,"Widget C",Electronics,"Warehouse 3","Aisle 4",300,29.99,"Supplier C","In Stock",NULL
1995,"Gadget Y",Toys,"Warehouse 1","Aisle 4",300,19.99,"Supplier D","In Stock",NULL
1996,"Widget B",Furniture,"Warehouse 3","Aisle 2",100,19.99,"Supplier C","Low Stock",2022-12-20
1998,"Gadget Y",Toys,"Warehouse 3","Aisle 4",300,19.99,"Supplier B","In Stock",2023-04-25
